{
  "name": "ofdr-launcher",
  "version": "1.0.0",
  "description": "Operation Flashpoint: Dragon Rising Launcher - A modern Windows launcher for the game",
  "author": "Noah Domingues",
  "type": "commonjs",
  "license": "MIT",
  "main": "electron-main.js",
  "scripts": {
    "start": "electron .",
    "build": "vite build && electron-builder --win",
    "pack": "electron-builder --dir"
  },
  "dependencies": {
    "adm-zip": "^0.5.12",
    "@hookform/resolvers": "^3.10.0",
    "@jridgewell/trace-mapping": "^0.3.25",
    "@neondatabase/serverless": "^0.10.4",
    "@radix-ui/react-accordion": "^1.2.4",
    "@radix-ui/react-alert-dialog": "^1.1.7",
    "@radix-ui/react-aspect-ratio": "^1.1.3",
    "@radix-ui/react-avatar": "^1.1.4",
    "@radix-ui/react-checkbox": "^1.1.5",
    "@radix-ui/react-collapsible": "^1.1.4",
    "@radix-ui/react-context-menu": "^2.2.7",
    "@radix-ui/react-dialog": "^1.1.7",
    "@radix-ui/react-dropdown-menu": "^2.1.7",
    "@radix-ui/react-hover-card": "^1.1.7",
    "@radix-ui/react-label": "^2.1.3",
    "@radix-ui/react-menubar": "^1.1.7",
    "@radix-ui/react-navigation-menu": "^1.2.6",
    "@radix-ui/react-popover": "^1.1.7",
    "@radix-ui/react-progress": "^1.1.3",
    "@radix-ui/react-radio-group": "^1.2.4",
    "@radix-ui/react-scroll-area": "^1.2.4",
    "@radix-ui/react-select": "^2.1.7",
    "@radix-ui/react-separator": "^1.1.3",
    "@radix-ui/react-slider": "^1.2.4",
    "@radix-ui/react-slot": "^1.2.0",
    "@radix-ui/react-switch": "^1.1.4",
    "@radix-ui/react-tabs": "^1.1.4",
    "@radix-ui/react-toast": "^1.2.7",
    "@radix-ui/react-toggle": "^1.1.3",
    "@radix-ui/react-toggle-group": "^1.1.3",
    "@radix-ui/react-tooltip": "^1.2.0",
    "@tanstack/react-query": "^5.60.5",
    "class-variance-authority": "^0.7.1",
    "clsx": "^2.1.1",
    "cmdk": "^1.1.1",
    "connect-pg-simple": "^10.0.0",
    "date-fns": "^3.6.0",
    "drizzle-orm": "^0.39.1",
    "drizzle-zod": "^0.7.0",
    "electron-store": "^10.0.1",
    "embla-carousel-react": "^8.6.0",
    "express": "^4.21.2",
    "express-session": "^1.18.1",
    "framer-motion": "^11.13.1",
    "input-otp": "^1.4.2",
    "lucide-react": "^0.453.0",
    "memorystore": "^1.6.7",
    "next-themes": "^0.4.6",
    "passport": "^0.7.0",
    "passport-local": "^1.0.0",
    "react": "^18.3.1",
    "react-day-picker": "^8.10.1",
    "react-dom": "^18.3.1",
    "react-hook-form": "^7.55.0",
    "react-icons": "^5.4.0",
    "react-resizable-panels": "^2.1.7",
    "recharts": "^2.15.2",
    "tailwind-merge": "^2.6.0",
    "tailwindcss-animate": "^1.0.7",
    "tw-animate-css": "^1.2.5",
    "vaul": "^1.1.2",
    "wouter": "^3.3.5",
    "ws": "^8.18.0",
    "zod": "^3.24.2",
    "zod-validation-error": "^3.4.0"
  },
  "devDependencies": {
    "@replit/vite-plugin-cartographer": "^0.1.2",
    "@replit/vite-plugin-runtime-error-modal": "^0.0.3",
    "@tailwindcss/typography": "^0.5.15",
    "@tailwindcss/vite": "^4.1.3",
    "@types/connect-pg-simple": "^7.0.3",
    "@types/express": "4.17.21",
    "@types/express-session": "^1.18.0",
    "@types/node": "20.16.11",
    "@types/passport": "^1.0.16",
    "@types/passport-local": "^1.0.38",
    "@types/react": "^18.3.11",
    "@types/react-dom": "^18.3.1",
    "@types/ws": "^8.5.13",
    "@vitejs/plugin-react": "^4.3.2",
    "autoprefixer": "^10.4.20",
    "drizzle-kit": "^0.30.4",
    "esbuild": "^0.25.0",
    "postcss": "^8.4.47",
    "tailwindcss": "^3.4.17",
    "tsx": "^4.19.1",
    "typescript": "5.6.3",
    "vite": "^5.4.14",
    "electron": "^36.2.0",
    "electron-builder": "^26.0.12"
  },
  "build": {
    "appId": "com.noahdomingues.ofdr-launcher",
    "productName": "Operation Flashpoint Dragon Rising Launcher",
    "files": [
      "dist/**/*",
      "electron-main.js",
      "preload.js",
      "setUrlScheme.js",
      "attached_assets/**/*"
    ],
    "directories": {
      "buildResources": "attached_assets",
      "output": "release-builds"
    },
    "win": {
      "target": "nsis",
      "icon": "attached_assets/OFDRLauncher_01_1746787566569.jpg"
    },
    "nsis": {
      "oneClick": false,
      "allowToChangeInstallationDirectory": true,
      "createDesktopShortcut": true,
      "createStartMenuShortcut": true,
      "shortcutName": "OFDR Launcher"
    }
  }
}