{
  "appId": "com.noahdomingues.ofdr-launcher",
  "productName": "Operation Flashpoint Dragon Rising Launcher",
  "files": [
    "dist/**/*",
    "electron-main.js",
    "preload.js",
    "setUrlScheme.js",
    "attached_assets/**/*"
  ],
  "directories": {
    "buildResources": "attached_assets",
    "output": "release-builds"
  },
  "win": {
    "target": "nsis",
    "icon": "attached_assets/OFDRLauncher_01_1746787566569.jpg"
  },
  "nsis": {
    "oneClick": false,
    "allowToChangeInstallationDirectory": true,
    "createDesktopShortcut": true,
    "createStartMenuShortcut": true,
    "shortcutName": "OFDR Launcher"
  }
}